{"cameraMode":{"drawMode":0,"name":"Shaded","section":"Shading Mode"},"sceneLighting":false,"audioPlay":false,"sceneViewState":{"showFog":true,"showMaterialUpdate":false,"showSkybox":false,"showFlares":true,"showImageEffects":true,"showParticleSystems":true},"in2DMode":false,"pivot":{"x":-0.031577348709106448,"y":2.1500000953674318,"z":-2.359999895095825},"rotation":{"x":0.01585262641310692,"y":0.972015380859375,"z":-0.2243206948041916,"w":0.0686224028468132},"size":0.4330126941204071,"orthographic":false}