{"cameraMode":{"drawMode":0,"name":"Shaded","section":"Shading Mode"},"sceneLighting":false,"audioPlay":false,"sceneViewState":{"showFog":true,"showMaterialUpdate":false,"showSkybox":false,"showFlares":true,"showImageEffects":true,"showParticleSystems":true},"in2DMode":false,"pivot":{"x":-17.700000762939454,"y":2.180000066757202,"z":0.0},"rotation":{"x":0.005993609316647053,"y":-0.9724199771881104,"z":0.23212282359600068,"w":0.02695452608168125},"size":2.7247447967529299,"orthographic":false}