{"cameraMode":{"drawMode":0,"name":"Shaded","section":"Shading Mode"},"sceneLighting":false,"audioPlay":false,"sceneViewState":{"showFog":true,"showMaterialUpdate":false,"showSkybox":false,"showFlares":true,"showImageEffects":true,"showParticleSystems":true},"in2DMode":false,"pivot":{"x":-0.22607421875,"y":1.135894775390625,"z":0.2606201171875},"rotation":{"x":0.18851761519908906,"y":-0.7354580760002136,"z":0.22801129519939423,"w":0.6097611784934998},"size":2.2275664806365969,"orthographic":true}