{"cameraMode":{"drawMode":0,"name":"Shaded","section":"Shading Mode"},"sceneLighting":false,"audioPlay":false,"sceneViewState":{"showFog":true,"showMaterialUpdate":false,"showSkybox":false,"showFlares":true,"showImageEffects":true,"showParticleSystems":true},"in2DMode":false,"pivot":{"x":-0.031577348709106448,"y":2.1500000953674318,"z":-2.359999895095825},"rotation":{"x":-0.24944981932640077,"y":-0.3040061295032501,"z":0.08244247734546662,"w":-0.9158508777618408},"size":2.5330123901367189,"orthographic":false}