{"cameraMode":{"drawMode":0,"name":"Shaded","section":"Shading Mode"},"sceneLighting":false,"audioPlay":false,"sceneViewState":{"showFog":true,"showMaterialUpdate":false,"showSkybox":false,"showFlares":true,"showImageEffects":true,"showParticleSystems":true},"in2DMode":false,"pivot":{"x":-0.22607421875,"y":1.135894775390625,"z":0.2606201171875},"rotation":{"x":-0.0004937594057992101,"y":-0.7050692439079285,"z":-0.00005696766675100662,"w":-0.7093017101287842},"size":2.2275664806365969,"orthographic":true}