{"cameraMode":{"drawMode":0,"name":"Shaded","section":"Shading Mode"},"sceneLighting":false,"audioPlay":false,"sceneViewState":{"showFog":true,"showMaterialUpdate":false,"showSkybox":false,"showFlares":true,"showImageEffects":true,"showParticleSystems":true},"in2DMode":false,"pivot":{"x":0.1939312219619751,"y":1.2846555709838868,"z":-4.248177528381348},"rotation":{"x":-0.15025733411312104,"y":-0.5762004852294922,"z":0.1083606630563736,"w":-0.7961764931678772},"size":3.292604684829712,"orthographic":false}