{"cameraMode":{"drawMode":0,"name":"Shaded","section":"Shading Mode"},"sceneLighting":true,"audioPlay":false,"sceneViewState":{"showFog":true,"showMaterialUpdate":false,"showSkybox":true,"showFlares":true,"showImageEffects":true,"showParticleSystems":true},"in2DMode":false,"pivot":{"x":3.5194625854492189,"y":3.475872039794922,"z":-10.726811408996582},"rotation":{"x":-0.2773074209690094,"y":0.4669395387172699,"z":-0.15697535872459413,"w":-0.8248801827430725},"size":9.271113395690918,"orthographic":false}